{"cameraMode":{"drawMode":0,"name":"Shaded","section":"Shading Mode"},"sceneLighting":true,"audioPlay":false,"sceneViewState":{"m_AlwaysRefresh":false,"showFog":true,"showSkybox":true,"showFlares":true,"showImageEffects":true,"showParticleSystems":true,"showVisualEffectGraphs":true,"m_FxEnabled":true},"in2DMode":false,"pivot":{"x":0.2195870280265808,"y":-0.9027481079101563,"z":16.77691078186035},"rotation":{"x":0.057282786816358569,"y":0.007245765533298254,"z":-0.0004851778212469071,"w":0.9984211325645447},"size":8.81631088256836,"orthographic":false}