{"cameraMode":{"drawMode":0,"name":"Shaded","section":"Shading Mode"},"sceneLighting":true,"audioPlay":false,"sceneViewState":{"m_AlwaysRefresh":false,"showFog":true,"showSkybox":true,"showFlares":true,"showImageEffects":true,"showParticleSystems":true,"showVisualEffectGraphs":true,"m_FxEnabled":true},"in2DMode":false,"pivot":{"x":0.27137628197669985,"y":2.2077481746673586,"z":0.04585760459303856},"rotation":{"x":0.0048139337450265888,"y":0.014768644236028195,"z":0.00015700419316999614,"w":0.9999766945838928},"size":0.988278865814209,"orthographic":false}